filename,activity
10_20250505180656.csv,0
11_20250505180711.csv,0
12_20250505180725.csv,0
13_20250505180740.csv,0
14_20250505180756.csv,0
15_20250505180811.csv,1
16_20250505180824.csv,0
17_20250505180839.csv,0
18_20250505180854.csv,0
19_20250505180908.csv,2
1_20250505180442.csv,0
20_20250505180922.csv,0
21_20250505180936.csv,0
2_20250505180457.csv,0
3_20250505180513.csv,0
4_20250505180527.csv,0
5_20250505180542.csv,0
6_20250505180558.csv,0
7_20250505180613.csv,0
8_20250505180628.csv,0
9_20250505180643.csv,0
