2025-04-10T10:48:34.826032,0.3379500210285187
2025-04-10T10:48:36.844989,0.3450000286102295
2025-04-10T10:48:39.880469,0.34995001554489136
2025-04-10T10:48:42.894974,0.2560500204563141
2025-04-10T10:48:45.905996,0.3829500079154968
2025-04-10T10:48:48.923184,0.3330000042915344
2025-04-10T10:48:51.956771,0.34005001187324524
2025-04-10T10:48:56.000041,0.3469500243663788
2025-04-10T10:48:59.039885,0.3349500298500061
2025-04-10T10:49:01.066304,0.325950026512146
2025-04-10T10:49:04.082582,0.30705001950263977
2025-04-10T10:49:06.096229,0.3349500298500061
2025-04-10T10:49:09.110265,0.3040500283241272
2025-04-10T10:49:12.121986,0.30195000767707825
2025-04-10T10:49:15.150283,0.325950026512146
2025-04-10T10:49:18.159451,0.31800001859664917
2025-04-10T10:49:21.188483,0.3160500228404999
2025-04-10T10:49:25.217698,0.30705001950263977
2025-04-10T10:49:28.256185,0.2850000262260437
2025-04-10T10:49:31.278269,0.31095001101493835
2025-04-10T10:49:34.300560,0.30900001525878906
2025-04-10T10:49:37.319667,0.31800001859664917
2025-04-10T10:49:40.345676,0.32295000553131104
2025-04-10T10:49:43.366811,0.32100000977516174
2025-04-10T10:49:46.401048,0.32295000553131104
2025-04-10T10:49:49.438133,0.2950500249862671
2025-04-10T10:49:52.452242,0.3040500283241272
2025-04-10T10:49:56.486435,0.4140000343322754
2025-04-10T10:49:59.499825,0.3349500298500061
2025-04-10T10:50:02.517222,0.35895001888275146
2025-04-10T10:50:05.548335,0.3520500063896179
2025-04-10T10:50:08.573999,0.3540000021457672
2025-04-10T10:50:11.593069,0.35895001888275146
2025-04-10T10:50:14.614464,0.364050030708313
2025-04-10T10:50:17.641367,0.34005001187324524
2025-04-10T10:50:20.662154,0.3450000286102295
2025-04-10T10:50:23.688352,0.34995001554489136
2025-04-10T10:50:26.725915,0.34005001187324524
2025-04-10T10:50:31.764682,0.3469500243663788
2025-04-10T10:50:36.801242,0.3349500298500061
2025-04-10T10:50:39.835293,0.35895001888275146
2025-04-10T10:50:42.857192,0.34995001554489136
2025-04-10T10:50:45.877148,0.3450000286102295
2025-04-10T10:50:47.890504,0.3469500243663788
2025-04-10T10:50:50.922679,0.3520500063896179
2025-04-10T10:50:53.952697,0.34005001187324524
2025-04-10T10:50:56.968324,0.34200000762939453
2025-04-10T10:50:58.979656,0.3660000264644623
2025-04-10T10:51:03.010838,0.34005001187324524
2025-04-10T10:51:06.029373,0.3540000021457672
2025-04-10T10:51:11.059285,0.3469500243663788
2025-04-10T10:51:14.077660,0.35895001888275146
2025-04-10T10:51:17.112394,0.3520500063896179
2025-04-10T10:51:20.123525,0.3570000231266022
2025-04-10T10:51:23.140213,0.3469500243663788
2025-04-10T10:51:26.177171,0.36195001006126404
2025-04-10T10:51:29.199810,0.364050030708313
2025-04-10T10:51:32.225930,0.36195001006126404
2025-04-10T10:51:36.277794,2.8180501461029053
2025-04-10T10:51:39.312170,1.1089500188827515
2025-04-10T10:51:42.337705,-0.06405000388622284
2025-04-10T10:51:45.355292,5.55495023727417
2025-04-10T10:51:48.384267,5.076000213623047
2025-04-10T10:51:51.408229,4.875
2025-04-10T10:51:54.434031,2.39205002784729
2025-04-10T10:51:57.457003,-4.531050205230713
2025-04-10T10:52:00.478333,-0.7770000100135803
2025-04-10T10:52:03.500242,-0.6360000371932983
2025-04-10T10:52:06.537505,3.646050214767456
2025-04-10T10:52:10.563432,1.6500000953674316
2025-04-10T10:52:13.589465,0.32805001735687256
2025-04-10T10:52:16.616403,0.3660000264644623
2025-04-10T10:52:19.647317,0.3520500063896179
2025-04-10T10:52:22.663622,0.3469500243663788
2025-04-10T10:52:25.706724,0.34995001554489136
2025-04-10T10:52:28.742242,0.36195001006126404
2025-04-10T10:52:31.757635,0.3660000264644623
2025-04-10T10:52:33.772803,0.364050030708313
2025-04-10T10:52:36.800922,0.35895001888275146
2025-04-10T10:52:39.821533,0.3520500063896179
2025-04-10T10:52:43.855698,0.364050030708313
2025-04-10T10:52:46.879457,0.3349500298500061
2025-04-10T10:52:49.900123,0.34995001554489136
2025-04-10T10:52:52.926861,0.3469500243663788
2025-04-10T10:52:55.964462,0.3520500063896179
2025-04-10T10:52:58.991482,0.37800002098083496
2025-04-10T10:53:02.024272,0.3349500298500061
2025-04-10T10:53:05.044211,0.34005001187324524
2025-04-10T10:53:07.064160,0.3520500063896179
2025-04-10T10:53:09.084455,0.364050030708313
2025-04-10T10:53:12.105005,0.3660000264644623
2025-04-10T10:53:16.152945,0.364050030708313
2025-04-10T10:53:19.173689,0.3660000264644623
2025-04-10T10:53:22.204110,0.34995001554489136
2025-04-10T10:53:29.260782,0.364050030708313
2025-04-10T10:53:32.276609,0.3540000021457672
2025-04-10T10:53:34.298345,0.3520500063896179
2025-04-10T10:53:37.322082,0.3570000231266022
2025-04-10T10:53:40.352864,0.36900001764297485
2025-04-10T10:53:43.373464,0.34995001554489136
2025-04-10T10:53:47.389099,0.364050030708313
2025-04-10T10:53:50.407796,0.3570000231266022
2025-04-10T10:53:53.427949,0.37095001339912415
2025-04-10T10:53:56.436054,0.3829500079154968
2025-04-10T10:53:59.455871,0.3379500210285187
2025-04-10T10:54:01.476231,0.36195001006126404
2025-04-10T10:54:05.490206,0.3570000231266022
2025-04-10T10:54:08.514838,0.3450000286102295
2025-04-10T10:54:11.523510,0.3570000231266022
2025-04-10T10:54:14.531937,0.3520500063896179
2025-04-10T10:54:18.554526,0.36195001006126404
2025-04-10T10:54:20.561284,0.3540000021457672
2025-04-10T10:54:22.577249,0.36195001006126404
2025-04-10T10:54:25.598083,0.3520500063896179
2025-04-10T10:54:26.614691,0.35895001888275146
2025-04-10T10:54:28.643926,0.3570000231266022
2025-04-10T10:54:31.689734,0.36195001006126404
2025-04-10T10:54:34.714484,0.3540000021457672
2025-04-10T10:54:37.751606,0.35895001888275146
2025-04-10T10:54:41.782783,0.36195001006126404
2025-04-10T10:54:45.805668,0.3660000264644623
2025-04-10T10:54:48.829942,0.36195001006126404
2025-04-10T10:54:50.842099,0.3660000264644623
2025-04-10T10:54:53.861592,0.37095001339912415
2025-04-10T10:54:54.868671,0.3540000021457672
2025-04-10T10:54:57.885185,0.3570000231266022
2025-04-10T10:54:59.897189,0.36900001764297485
2025-04-10T10:55:01.912237,0.3540000021457672
2025-04-10T10:55:04.921976,0.35895001888275146
2025-04-10T10:55:07.943748,0.36900001764297485
2025-04-10T10:55:10.962573,0.3570000231266022
2025-04-10T10:55:16.990245,0.35895001888275146
2025-04-10T10:55:22.019585,0.3450000286102295
2025-04-10T10:55:25.041971,0.3570000231266022
2025-04-10T10:55:30.068631,0.3660000264644623
2025-04-10T10:55:32.077450,0.37095001339912415
2025-04-10T10:55:35.086681,0.37605002522468567
2025-04-10T10:55:38.104170,0.3660000264644623
2025-04-10T10:55:42.115927,0.3450000286102295
2025-04-10T10:55:45.148820,0.34995001554489136
2025-04-10T10:55:48.182763,0.364050030708313
2025-04-10T10:55:51.199135,0.3660000264644623
2025-04-10T10:55:54.224457,0.36195001006126404
2025-04-10T10:55:57.246463,0.3520500063896179
2025-04-10T10:56:00.273053,0.36900001764297485
2025-04-10T10:56:03.294300,0.34995001554489136
2025-04-10T10:56:06.315630,0.37095001339912415
2025-04-10T10:56:09.348651,0.34200000762939453
2025-04-10T10:56:12.377704,0.364050030708313
2025-04-10T10:56:16.406129,0.37095001339912415
2025-04-10T10:56:18.427973,0.364050030708313
2025-04-10T10:56:20.440726,0.36195001006126404
2025-04-10T10:56:23.466471,0.3570000231266022
2025-04-10T10:56:26.495275,0.3520500063896179
2025-04-10T10:56:29.516813,0.34200000762939453
2025-04-10T10:56:32.543763,0.3570000231266022
2025-04-10T10:56:35.571155,0.36900001764297485
2025-04-10T10:56:37.585259,0.37605002522468567
2025-04-10T10:56:40.615059,0.37800002098083496
2025-04-10T10:56:43.633224,0.36195001006126404
2025-04-10T10:56:47.661024,0.36900001764297485
2025-04-10T10:56:50.684959,0.3540000021457672
2025-04-10T10:56:53.712368,0.37095001339912415
2025-04-10T10:56:56.731687,0.364050030708313
2025-04-10T10:56:59.751549,0.38100001215934753
2025-04-10T10:57:02.787760,0.364050030708313
2025-04-10T10:57:05.807154,0.36195001006126404
2025-04-10T10:57:08.835028,-0.29295000433921814
2025-04-10T10:57:11.848145,3.939000129699707
2025-04-10T10:57:14.886581,4.029000282287598
2025-04-10T10:57:17.916900,3.988950252532959
2025-04-10T10:57:21.958258,4.008000373840332
2025-04-10T10:57:24.996032,3.9049501419067383
2025-04-10T10:57:28.020739,3.8140501976013184
2025-04-10T10:57:31.047336,3.7849502563476562
2025-04-10T10:57:34.071067,3.630000114440918
2025-04-10T10:57:37.095899,3.57705020904541
2025-04-10T10:57:40.124821,1.738050103187561
2025-04-10T10:57:43.139979,-0.25995001196861267
2025-04-10T10:57:46.166208,-3.5880000591278076
2025-04-10T10:57:49.188105,-3.805950164794922
2025-04-10T10:57:52.208028,-3.186000108718872
2025-04-10T10:57:56.250413,-0.5350500345230103
2025-04-10T10:57:59.276832,-0.48000001907348633
2025-04-10T10:58:02.298991,-0.778950035572052
2025-04-10T10:58:05.311128,-0.736050009727478
2025-04-10T10:58:08.332343,-1.0950000286102295
2025-04-10T10:58:11.353768,-0.5590500235557556
2025-04-10T10:58:14.366587,-1.1749500036239624
2025-04-10T10:58:17.386207,0.07695000618696213
2025-04-10T10:58:20.415804,4.939050197601318
2025-04-10T10:58:23.442981,0.325950026512146
2025-04-10T10:58:27.470176,0.49800002574920654
2025-04-10T10:58:30.489644,-0.9640500545501709
2025-04-10T10:58:33.511530,1.432050108909607
2025-04-10T10:58:36.533330,0.3540000021457672
2025-04-10T10:58:39.560441,0.38100001215934753
2025-04-10T10:58:42.575345,0.35895001888275146
2025-04-10T10:58:45.627887,0.36195001006126404
2025-04-10T10:58:48.643416,0.3660000264644623
2025-04-10T10:58:51.664301,0.3829500079154968
2025-04-10T10:58:54.691824,0.3739500045776367
2025-04-10T10:58:57.719601,0.3570000231266022
2025-04-10T10:59:00.747318,0.37095001339912415
2025-04-10T10:59:04.770327,0.3570000231266022
2025-04-10T10:59:07.796249,0.35895001888275146
2025-04-10T10:59:10.825558,0.3540000021457672
2025-04-10T10:59:13.844923,0.3570000231266022
2025-04-10T10:59:16.852792,0.3660000264644623
2025-04-10T10:59:19.879708,0.35895001888275146
2025-04-10T10:59:22.903204,0.37095001339912415
2025-04-10T10:59:25.927935,0.36195001006126404
2025-04-10T10:59:28.947133,0.3520500063896179
2025-04-10T10:59:31.969872,0.36195001006126404
2025-04-10T10:59:34.987472,0.36900001764297485
2025-04-10T10:59:39.018521,0.34995001554489136
2025-04-10T10:59:42.041835,0.3520500063896179
2025-04-10T10:59:45.080094,0.3739500045776367
2025-04-10T10:59:48.111947,0.38805001974105835
2025-04-10T10:59:51.136321,0.36900001764297485
2025-04-10T10:59:54.171490,0.3469500243663788
2025-04-10T10:59:57.205848,0.37095001339912415
2025-04-10T10:59:59.225447,0.34995001554489136
2025-04-10T11:00:02.240206,0.3660000264644623
2025-04-10T11:00:05.265402,0.34005001187324524
2025-04-10T11:00:08.281354,0.364050030708313
2025-04-10T11:00:11.309104,0.3540000021457672
2025-04-10T11:00:14.331219,0.3520500063896179
2025-04-10T11:00:17.352618,0.3540000021457672
2025-04-10T11:00:20.380305,0.3660000264644623
2025-04-10T11:00:23.407360,0.35895001888275146
2025-04-10T11:00:25.420682,0.3540000021457672
2025-04-10T11:00:27.440234,0.364050030708313
2025-04-10T11:00:30.461600,0.37605002522468567
2025-04-10T11:00:33.482521,0.3570000231266022
2025-04-10T11:00:36.504175,0.34005001187324524
2025-04-10T11:00:39.544410,0.34200000762939453
2025-04-10T11:00:43.573138,0.3160500228404999
2025-04-10T11:00:46.614777,0.3520500063896179
2025-04-10T11:00:49.634268,0.3570000231266022
2025-04-10T11:00:51.644719,0.35895001888275146
2025-04-10T11:00:56.695992,0.36195001006126404
2025-04-10T11:00:59.716891,0.3660000264644623
2025-04-10T11:01:02.749959,0.3540000021457672
2025-04-10T11:01:05.766038,0.3469500243663788
2025-04-10T11:01:08.786658,0.36195001006126404
2025-04-10T11:01:12.806413,0.3330000042915344
2025-04-10T11:01:14.831671,0.36900001764297485
2025-04-10T11:01:17.859493,0.3660000264644623
2025-04-10T11:01:20.898033,0.3469500243663788
2025-04-10T11:01:23.934384,0.3660000264644623
2025-04-10T11:01:26.950838,0.35895001888275146
2025-04-10T11:01:29.974642,0.3540000021457672
2025-04-10T11:01:32.992405,0.3520500063896179
2025-04-10T11:01:36.021912,0.3829500079154968
2025-04-10T11:01:39.043577,0.286950021982193
2025-04-10T11:01:42.077839,0.36900001764297485
2025-04-10T11:01:46.106358,0.35895001888275146
2025-04-10T11:01:49.126841,0.3469500243663788
2025-04-10T11:01:52.146947,0.34200000762939453
2025-04-10T11:01:55.172902,0.3660000264644623
2025-04-10T11:01:58.204097,0.34200000762939453
2025-04-10T11:02:01.230734,0.3520500063896179
2025-04-10T11:02:04.250766,0.3739500045776367
2025-04-10T11:02:07.278308,0.41700002551078796
2025-04-10T11:02:10.306148,0.3469500243663788
2025-04-10T11:02:13.334838,0.34995001554489136
2025-04-10T11:02:16.375925,0.34005001187324524
2025-04-10T11:02:19.416929,0.3450000286102295
2025-04-10T11:02:22.444557,0.3540000021457672
2025-04-10T11:02:25.461671,0.364050030708313
2025-04-10T11:02:28.472666,0.3570000231266022
2025-04-10T11:02:31.513627,0.364050030708313
2025-04-10T11:02:34.539297,0.3520500063896179
2025-04-10T11:02:39.583727,0.3540000021457672
2025-04-10T11:02:42.624137,0.3520500063896179
2025-04-10T11:02:45.649101,0.3469500243663788
2025-04-10T11:02:48.686541,0.3570000231266022
2025-04-10T11:02:52.739287,0.36195001006126404
2025-04-10T11:02:54.760745,0.3660000264644623
2025-04-10T11:02:57.778262,0.37095001339912415
2025-04-10T11:03:00.805227,0.364050030708313
2025-04-10T11:03:03.844331,0.3520500063896179
2025-04-10T11:03:06.878047,0.3469500243663788
2025-04-10T11:03:09.897362,0.3540000021457672
2025-04-10T11:03:12.929723,0.34200000762939453
2025-04-10T11:03:15.958551,0.3520500063896179
2025-04-10T11:03:18.987027,0.3660000264644623
2025-04-10T11:03:22.021317,0.38805001974105835
2025-04-10T11:03:26.054677,0.37095001339912415
2025-04-10T11:03:29.067779,0.3520500063896179
2025-04-10T11:03:32.086014,0.34995001554489136
2025-04-10T11:03:35.130915,0.35895001888275146
2025-04-10T11:03:40.172117,0.364050030708313
2025-04-10T11:03:43.202170,0.3739500045776367
2025-04-10T11:03:46.229753,0.34200000762939453
2025-04-10T11:03:49.255210,0.36900001764297485
2025-04-10T11:03:52.294912,0.34200000762939453
2025-04-10T11:03:55.318788,0.39705002307891846
2025-04-10T11:03:59.340517,0.364050030708313
2025-04-10T11:04:02.367591,0.37605002522468567
2025-04-10T11:04:05.391116,0.3520500063896179
2025-04-10T11:04:08.410001,0.3540000021457672
2025-04-10T11:04:11.427252,0.36900001764297485
2025-04-10T11:04:14.458044,0.364050030708313
2025-04-10T11:04:17.485996,0.35895001888275146
2025-04-10T11:04:20.504871,0.3540000021457672
2025-04-10T11:04:22.524769,0.35895001888275146
2025-04-10T11:04:25.551406,0.3540000021457672
2025-04-10T11:04:29.575639,0.3570000231266022
2025-04-10T11:04:31.594456,0.34200000762939453
2025-04-10T11:04:34.629015,0.40005001425743103
2025-04-10T11:04:37.661403,0.36195001006126404
2025-04-10T11:04:41.698697,0.3450000286102295
2025-04-10T11:04:44.724656,0.32805001735687256
2025-04-10T11:04:47.735246,0.3570000231266022
2025-04-10T11:04:50.753563,0.37800002098083496
2025-04-10T11:04:55.795685,0.34995001554489136
2025-04-10T11:04:59.834970,0.3660000264644623
2025-04-10T11:05:02.863220,0.364050030708313
2025-04-10T11:05:05.885736,0.36900001764297485
2025-04-10T11:05:08.917928,0.36195001006126404
2025-04-10T11:05:13.947430,0.3540000021457672
2025-04-10T11:05:16.966057,0.37095001339912415
2025-04-10T11:05:19.995579,0.3450000286102295
2025-04-10T11:05:23.031523,0.3660000264644623
2025-04-10T11:05:26.059714,0.37800002098083496
2025-04-10T11:05:29.093356,0.38100001215934753
2025-04-10T11:05:32.122186,0.3660000264644623
2025-04-10T11:05:36.149359,0.3540000021457672
2025-04-10T11:05:39.184114,0.3660000264644623
2025-04-10T11:05:42.210651,0.3520500063896179
2025-04-10T11:05:45.232341,0.3570000231266022
2025-04-10T11:05:48.266167,0.37605002522468567
2025-04-10T11:05:51.280421,0.3469500243663788
2025-04-10T11:05:54.310125,0.36195001006126404
2025-04-10T11:05:57.340665,0.35895001888275146
2025-04-10T11:06:00.362586,0.3660000264644623
2025-04-10T11:06:03.392564,0.35895001888275146
2025-04-10T11:06:06.414886,0.34995001554489136
2025-04-10T11:06:10.439550,0.37095001339912415
2025-04-10T11:06:13.477401,0.35895001888275146
2025-04-10T11:06:16.490212,0.36900001764297485
2025-04-10T11:06:19.501924,0.37605002522468567
2025-04-10T11:06:22.529292,0.3540000021457672
2025-04-10T11:06:25.557147,0.35895001888275146
2025-04-10T11:06:27.577903,0.3379500210285187
2025-04-10T11:06:29.605522,0.364050030708313
2025-04-10T11:06:32.630823,0.3660000264644623
2025-04-10T11:06:35.657674,0.35895001888275146
2025-04-10T11:06:38.691278,0.38100001215934753
2025-04-10T11:06:42.729846,0.40005001425743103
2025-04-10T11:06:45.768848,0.36195001006126404
2025-04-10T11:06:48.778831,0.35895001888275146
2025-04-10T11:06:51.801869,0.3469500243663788
2025-04-10T11:06:54.819367,0.37095001339912415
2025-04-10T11:06:57.842251,0.3660000264644623
2025-04-10T11:07:00.863106,0.3330000042915344
2025-04-10T11:07:03.880088,0.36195001006126404
2025-04-10T11:07:06.903221,0.3829500079154968
2025-04-10T11:07:09.923413,0.41700002551078796
2025-04-10T11:07:12.958929,0.3829500079154968
2025-04-10T11:07:15.986831,0.38100001215934753
2025-04-10T11:07:19.014923,0.36195001006126404
2025-04-10T11:07:24.055396,0.3739500045776367
2025-04-10T11:07:27.078275,0.37605002522468567
2025-04-10T11:07:30.107654,0.26295000314712524
2025-04-10T11:07:33.125552,0.3739500045776367
2025-04-10T11:07:36.157023,0.3540000021457672
2025-04-10T11:07:39.172416,0.34995001554489136
2025-04-10T11:07:42.199766,0.3520500063896179
2025-04-10T11:07:46.218420,0.3540000021457672
2025-04-10T11:07:49.239854,0.3520500063896179
2025-04-10T11:07:51.259134,0.3739500045776367
2025-04-10T11:07:54.279365,0.37095001339912415
2025-04-10T11:07:56.295948,0.3570000231266022
2025-04-10T11:07:59.319083,0.364050030708313
2025-04-10T11:08:02.354111,0.36195001006126404
2025-04-10T11:08:04.371757,0.35895001888275146
2025-04-10T11:08:07.400347,0.3520500063896179
2025-04-10T11:08:10.420652,0.3379500210285187
2025-04-10T11:08:13.436254,0.36195001006126404
2025-04-10T11:08:16.458090,0.34200000762939453
2025-04-10T11:08:20.485754,0.35895001888275146
2025-04-10T11:08:23.505935,0.364050030708313
2025-04-10T11:08:26.530282,0.35895001888275146
2025-04-10T11:08:29.545528,0.3660000264644623
2025-04-10T11:08:32.568199,0.37095001339912415
2025-04-10T11:08:35.583301,0.36900001764297485
2025-04-10T11:08:38.610501,0.37800002098083496
2025-04-10T11:08:41.644450,0.3930000066757202
2025-04-10T11:08:44.673713,0.3450000286102295
2025-04-10T11:08:46.692111,0.34995001554489136
2025-04-10T11:08:50.750781,0.37095001339912415
2025-04-10T11:08:53.800360,0.3540000021457672
2025-04-10T11:08:56.822554,0.3570000231266022
2025-04-10T11:08:59.854568,0.37095001339912415
2025-04-10T11:09:02.867653,0.35895001888275146
2025-04-10T11:09:05.882247,0.3469500243663788
2025-04-10T11:09:08.894343,0.37095001339912415
2025-04-10T11:09:11.908784,0.37605002522468567
2025-04-10T11:09:14.920961,0.3570000231266022
2025-04-10T11:09:17.952182,0.34005001187324524
2025-04-10T11:09:20.968069,0.364050030708313
2025-04-10T11:09:24.994989,0.3930000066757202
2025-04-10T11:09:28.008894,0.34995001554489136
2025-04-10T11:09:31.019526,0.364050030708313
2025-04-10T11:09:34.029424,0.28005000948905945
2025-04-10T11:09:37.039200,0.2440500110387802
2025-04-10T11:09:40.053543,0.31095001101493835
2025-04-10T11:09:43.066993,0.32805001735687256
2025-04-10T11:09:46.080152,0.3450000286102295
2025-04-10T11:09:49.098144,0.36195001006126404
2025-04-10T11:09:52.120424,0.3660000264644623
2025-04-10T11:09:55.137011,0.40905001759529114
2025-04-10T11:09:59.153395,0.3469500243663788
2025-04-10T11:10:02.168539,0.364050030708313
2025-04-10T11:10:05.186219,0.35895001888275146
2025-04-10T11:10:07.196347,0.3660000264644623
2025-04-10T11:10:09.205245,0.36195001006126404
2025-04-10T11:10:12.222346,0.364050030708313
2025-04-10T11:10:15.233954,0.3739500045776367
2025-04-10T11:10:18.247578,0.3540000021457672
2025-04-10T11:10:21.261916,0.364050030708313
2025-04-10T11:10:24.280489,0.3829500079154968
2025-04-10T11:10:28.299664,0.34200000762939453
2025-04-10T11:10:31.324681,0.3660000264644623
2025-04-10T11:10:34.343632,0.35895001888275146
2025-04-10T11:10:37.368581,0.3469500243663788
2025-04-10T11:10:40.403748,0.3450000286102295
2025-04-10T11:10:43.414387,0.34200000762939453
2025-04-10T11:10:46.422172,0.37800002098083496
2025-04-10T11:10:49.447111,0.3660000264644623
2025-04-10T11:10:52.470819,0.36195001006126404
2025-04-10T11:10:55.484883,0.3540000021457672
2025-04-10T11:10:58.505556,0.3859500288963318
2025-04-10T11:11:02.569843,0.36900001764297485
2025-04-10T11:11:05.615730,0.34005001187324524
2025-04-10T11:11:08.655085,0.3379500210285187
2025-04-10T11:11:11.666394,0.3570000231266022
2025-04-10T11:11:14.672801,0.36195001006126404
2025-04-10T11:11:17.691673,0.3520500063896179
2025-04-10T11:11:20.703749,0.32805001735687256
2025-04-10T11:11:23.721961,0.35895001888275146
2025-04-10T11:11:26.747416,0.3379500210285187
2025-04-10T11:11:31.795158,0.3349500298500061
2025-04-10T11:11:34.817055,0.3570000231266022
2025-04-10T11:11:37.834734,0.3520500063896179
2025-04-10T11:11:40.871206,0.3540000021457672
2025-04-10T11:11:43.889451,0.3520500063896179
2025-04-10T11:11:46.912846,0.35895001888275146
2025-04-10T11:11:49.924179,0.37605002522468567
2025-04-10T11:11:52.944991,0.36195001006126404
2025-04-10T11:11:55.955176,0.3540000021457672
2025-04-10T11:11:58.962308,0.3450000286102295
2025-04-10T11:12:01.988205,0.36195001006126404
2025-04-10T11:12:04.993006,0.37095001339912415
2025-04-10T11:12:08.008897,0.364050030708313
2025-04-10T11:12:12.030501,0.36195001006126404
2025-04-10T11:12:15.045005,0.3520500063896179
2025-04-10T11:12:18.058321,0.3660000264644623
2025-04-10T11:12:21.069856,0.3570000231266022
2025-04-10T11:12:24.095062,0.37095001339912415
2025-04-10T11:12:27.111253,0.35895001888275146
2025-04-10T11:12:30.123572,0.36900001764297485
2025-04-10T11:12:33.139988,0.27105000615119934
2025-04-10T11:12:36.151748,0.36195001006126404
2025-04-10T11:12:39.161154,0.37605002522468567
2025-04-10T11:12:42.173537,0.3660000264644623
2025-04-10T11:12:46.188909,0.36195001006126404
2025-04-10T11:12:48.197518,0.3739500045776367
2025-04-10T11:12:51.220700,0.36195001006126404
2025-04-10T11:12:54.249302,0.3660000264644623
2025-04-10T11:12:57.266120,0.34995001554489136
2025-04-10T11:13:02.287310,0.4120500087738037
2025-04-10T11:13:05.303873,0.3829500079154968
2025-04-10T11:13:08.326696,0.3520500063896179
2025-04-10T11:13:11.340697,0.3450000286102295
2025-04-10T11:13:14.356232,0.3349500298500061
2025-04-10T11:13:18.380917,0.35895001888275146
2025-04-10T11:13:20.390939,0.3660000264644623
2025-04-10T11:13:23.402438,0.3349500298500061
2025-04-10T11:13:26.415934,0.3660000264644623
2025-04-10T11:13:29.430627,0.364050030708313
2025-04-10T11:13:34.452069,0.44805002212524414
2025-04-10T11:13:37.466032,0.34005001187324524
2025-04-10T11:13:40.477967,0.38805001974105835
2025-04-10T11:13:43.492432,0.3540000021457672
2025-04-10T11:13:47.520570,0.3520500063896179
2025-04-10T11:13:50.570173,0.34200000762939453
2025-04-10T11:13:53.590506,0.3829500079154968
2025-04-10T11:13:56.635304,0.32295000553131104
2025-04-10T11:13:59.656885,0.364050030708313
2025-04-10T11:14:01.671651,0.3540000021457672
2025-04-10T11:14:04.683491,0.36195001006126404
2025-04-10T11:14:07.731253,0.3739500045776367
2025-04-10T11:14:10.799587,0.3520500063896179
2025-04-10T11:14:13.859572,0.3570000231266022
2025-04-10T11:14:16.899368,0.22995001077651978
2025-04-10T11:14:20.935401,0.37605002522468567
2025-04-10T11:14:23.953056,0.31800001859664917
2025-04-10T11:14:26.974531,0.364050030708313
2025-04-10T11:14:30.010999,0.3160500228404999
2025-04-10T11:14:33.020057,0.3570000231266022
2025-04-10T11:14:35.036214,0.35895001888275146
2025-04-10T11:14:38.054778,0.36900001764297485
2025-04-10T11:14:41.087755,0.3739500045776367
2025-04-10T11:14:44.115240,0.38805001974105835
2025-04-10T11:14:47.130183,0.3660000264644623
2025-04-10T11:14:50.156012,0.3330000042915344
2025-04-10T11:14:53.184473,0.3660000264644623
2025-04-10T11:14:57.224573,0.35895001888275146
2025-04-10T11:15:00.246716,0.36195001006126404
2025-04-10T11:15:02.264156,0.3450000286102295
2025-04-10T11:15:04.272461,0.3540000021457672
2025-04-10T11:15:07.290139,0.34995001554489136
2025-04-10T11:15:10.316752,0.35895001888275146
2025-04-10T11:15:13.334907,0.37800002098083496
2025-04-10T11:15:16.365150,0.35895001888275146
2025-04-10T11:15:21.394599,0.34200000762939453
2025-04-10T11:15:25.442856,0.364050030708313
2025-04-10T11:15:28.469899,0.3660000264644623
2025-04-10T11:15:31.491078,0.3520500063896179
2025-04-10T11:15:34.518507,0.364050030708313
2025-04-10T11:15:37.559560,0.39000001549720764
2025-04-10T11:15:40.593655,0.34995001554489136
2025-04-10T11:15:43.635241,0.36195001006126404
2025-04-10T11:15:46.667063,0.37095001339912415
2025-04-10T11:15:49.689315,0.37605002522468567
2025-04-10T11:15:52.704290,0.3330000042915344
2025-04-10T11:15:55.731508,0.3520500063896179
2025-04-10T11:15:59.766782,0.3829500079154968
2025-04-10T11:16:02.779625,0.36195001006126404
2025-04-10T11:16:04.798544,0.3540000021457672
2025-04-10T11:16:06.811469,0.34200000762939453
2025-04-10T11:16:09.834758,0.3379500210285187
2025-04-10T11:16:12.860409,0.3520500063896179
2025-04-10T11:16:15.884337,0.3660000264644623
2025-04-10T11:16:18.907866,0.3450000286102295
2025-04-10T11:16:20.928360,0.3520500063896179
2025-04-10T11:16:23.947191,0.3450000286102295
2025-04-10T11:16:27.985577,0.36195001006126404
2025-04-10T11:16:33.015265,0.3540000021457672
2025-04-10T11:16:36.040137,0.3379500210285187
2025-04-10T11:16:39.062660,0.3469500243663788
2025-04-10T11:16:42.085449,0.38100001215934753
2025-04-10T11:16:45.120209,0.37095001339912415
2025-04-10T11:16:48.154553,0.34995001554489136
2025-04-10T11:16:51.181211,0.3540000021457672
2025-04-10T11:16:54.202621,0.3139500021934509
2025-04-10T11:16:57.221862,0.3469500243663788
2025-04-10T11:17:01.258998,0.35895001888275146
2025-04-10T11:17:06.308127,0.34005001187324524
2025-04-10T11:17:09.334468,0.364050030708313
2025-04-10T11:17:11.340467,0.3520500063896179
2025-04-10T11:17:14.371513,0.35895001888275146
2025-04-10T11:17:17.396706,0.3570000231266022
2025-04-10T11:17:20.405053,0.34200000762939453
2025-04-10T11:17:23.420876,0.3469500243663788
2025-04-10T11:17:26.432537,0.34995001554489136
2025-04-10T11:17:29.455555,0.36195001006126404
2025-04-10T11:17:33.475506,0.3660000264644623
2025-04-10T11:17:36.490085,0.34995001554489136
2025-04-10T11:17:39.505066,0.3540000021457672
2025-04-10T11:17:42.524505,0.364050030708313
2025-04-10T11:17:47.544151,0.3540000021457672
2025-04-10T11:17:50.557786,0.34995001554489136
2025-04-10T11:17:53.577157,0.35895001888275146
2025-04-10T11:17:56.588414,0.34995001554489136
2025-04-10T11:18:01.628227,0.3570000231266022
2025-04-10T11:18:04.666348,0.36195001006126404
2025-04-10T11:18:08.701248,0.36900001764297485
2025-04-10T11:18:11.712810,0.34200000762939453
2025-04-10T11:18:14.733946,0.3469500243663788
2025-04-10T11:18:17.763756,0.3829500079154968
2025-04-10T11:18:20.813116,0.3570000231266022
2025-04-10T11:18:23.862242,0.34005001187324524
2025-04-10T11:18:26.876771,0.3520500063896179
2025-04-10T11:18:29.891548,0.325950026512146
2025-04-10T11:18:32.903194,0.34005001187324524
2025-04-10T11:18:35.918666,0.36900001764297485
2025-04-10T11:18:38.932591,0.37800002098083496
2025-04-10T11:18:42.953621,0.3739500045776367
2025-04-10T11:18:45.971391,0.34005001187324524
2025-04-10T11:18:48.984538,0.32100000977516174
2025-04-10T11:18:52.004661,0.32805001735687256
2025-04-10T11:18:55.015297,0.3660000264644623
2025-04-10T11:18:58.038180,0.34005001187324524
2025-04-10T11:19:01.049159,0.36195001006126404
2025-04-10T11:19:04.057680,0.3540000021457672
2025-04-10T11:19:07.072033,0.34005001187324524
2025-04-10T11:19:10.090711,0.32100000977516174
2025-04-10T11:19:14.115765,0.3450000286102295
2025-04-10T11:19:18.139695,0.3520500063896179
2025-04-10T11:19:21.156619,0.3469500243663788
2025-04-10T11:19:26.174358,0.34005001187324524
2025-04-10T11:19:29.191012,0.3520500063896179
2025-04-10T11:19:32.203874,0.3469500243663788
2025-04-10T11:19:37.231829,0.35895001888275146
2025-04-10T11:19:40.258706,0.4210500121116638
2025-04-10T11:19:44.285631,0.36195001006126404
2025-04-10T11:19:47.319253,0.3160500228404999
2025-04-10T11:19:50.326753,0.3379500210285187
2025-04-10T11:19:53.348426,0.36900001764297485
2025-04-10T11:19:56.369367,0.3660000264644623
2025-04-10T11:19:58.388053,0.3570000231266022
2025-04-10T11:20:01.430139,0.3349500298500061
2025-04-10T11:20:04.451683,0.40005001425743103
2025-04-10T11:20:07.471325,0.3379500210285187
2025-04-10T11:20:10.488277,0.37800002098083496
2025-04-10T11:20:13.502266,0.3520500063896179
2025-04-10T11:20:17.553804,0.3540000021457672
2025-04-10T11:20:20.588186,0.3520500063896179
2025-04-10T11:20:23.636210,0.37095001339912415
2025-04-10T11:20:26.659004,0.34995001554489136
2025-04-10T11:20:31.705037,0.3660000264644623
2025-04-10T11:20:34.744565,0.34005001187324524
2025-04-10T11:20:37.802717,0.3349500298500061
2025-04-10T11:20:40.832544,0.3469500243663788
2025-04-10T11:20:43.866199,0.3330000042915344
2025-04-10T11:20:46.888264,0.3540000021457672
2025-04-10T11:20:50.936000,0.3469500243663788
2025-04-10T11:20:53.950195,0.3660000264644623
2025-04-10T11:20:56.979830,0.37605002522468567
2025-04-10T11:21:00.015510,0.36900001764297485
2025-04-10T11:21:02.025203,0.38100001215934753
2025-04-10T11:21:05.053609,0.3520500063896179
2025-04-10T11:21:08.086438,0.36195001006126404
2025-04-10T11:21:11.107471,0.3450000286102295
2025-04-10T11:21:13.128527,0.37605002522468567
2025-04-10T11:21:15.148930,0.3660000264644623
2025-04-10T11:21:18.184429,0.3520500063896179
2025-04-10T11:21:22.235296,0.36195001006126404
2025-04-10T11:21:25.256252,0.36900001764297485
2025-04-10T11:21:28.278878,0.38100001215934753
2025-04-10T11:21:31.295079,0.35895001888275146
2025-04-10T11:21:34.318277,0.3520500063896179
2025-04-10T11:21:37.327716,0.38100001215934753
2025-04-10T11:21:40.356526,0.3570000231266022
2025-04-10T11:21:43.384348,0.3660000264644623
2025-04-10T11:21:46.409629,0.37800002098083496
2025-04-10T11:21:49.444520,0.3540000021457672
2025-04-10T11:21:52.463824,0.36195001006126404
2025-04-10T11:21:56.506144,0.36900001764297485
2025-04-10T11:21:59.529070,0.364050030708313
2025-04-10T11:22:02.560425,0.35895001888275146
2025-04-10T11:22:05.586659,0.37800002098083496
2025-04-10T11:22:08.625666,0.34995001554489136
2025-04-10T11:22:11.643313,0.3330000042915344
2025-04-10T11:22:14.671184,0.35895001888275146
2025-04-10T11:22:17.698626,0.3469500243663788
2025-04-10T11:22:20.740705,0.37095001339912415
2025-04-10T11:22:23.791886,0.33000001311302185
2025-04-10T11:22:27.826604,0.3570000231266022
2025-04-10T11:22:30.848148,0.3450000286102295
2025-04-10T11:22:33.873671,0.36195001006126404
2025-04-10T11:22:36.905675,0.3520500063896179
2025-04-10T11:22:38.929440,0.37605002522468567
2025-04-10T11:22:41.962327,0.3660000264644623
2025-04-10T11:22:45.998661,0.3570000231266022
2025-04-10T11:22:49.020697,0.35895001888275146
2025-04-10T11:22:52.046720,0.3660000264644623
2025-04-10T11:22:55.084090,0.37605002522468567
2025-04-10T11:22:59.132663,0.36900001764297485
2025-04-10T11:23:02.169056,0.3570000231266022
2025-04-10T11:23:04.176040,0.3540000021457672
2025-04-10T11:23:07.206861,0.34995001554489136
2025-04-10T11:23:08.210722,0.364050030708313
2025-04-10T11:23:11.230755,0.3660000264644623
2025-04-10T11:23:14.258454,0.34995001554489136
2025-04-10T11:23:17.279714,0.34200000762939453
2025-04-10T11:23:20.309139,0.35895001888275146
2025-04-10T11:23:23.338778,0.364050030708313
2025-04-10T11:23:26.367865,0.3469500243663788
2025-04-10T11:23:29.406411,0.3570000231266022
2025-04-10T11:23:32.434348,0.3469500243663788
2025-04-10T11:23:37.483377,0.34995001554489136
2025-04-10T11:23:40.514878,0.35895001888275146
2025-04-10T11:23:43.540707,0.3520500063896179
2025-04-10T11:23:46.571463,0.37095001339912415
2025-04-10T11:23:49.617411,0.36195001006126404
2025-04-10T11:23:52.650770,0.34995001554489136
2025-04-10T11:23:55.688324,0.35895001888275146
2025-04-10T11:23:58.721964,0.3540000021457672
2025-04-10T11:24:02.760729,0.35895001888275146
2025-04-10T11:24:06.796330,0.34200000762939453
2025-04-10T11:24:09.841182,0.3540000021457672
2025-04-10T11:24:12.867621,0.3570000231266022
2025-04-10T11:24:15.895691,0.3469500243663788
2025-04-10T11:24:18.928992,0.364050030708313
2025-04-10T11:24:21.957720,0.36195001006126404
2025-04-10T11:24:24.973232,0.3660000264644623
2025-04-10T11:24:28.001343,0.48600003123283386
2025-04-10T11:24:31.032265,0.35895001888275146
2025-04-10T11:24:34.045268,0.34200000762939453
2025-04-10T11:24:38.084144,0.36900001764297485
2025-04-10T11:24:41.104647,0.3540000021457672
2025-04-10T11:24:44.129537,0.35895001888275146
2025-04-10T11:24:47.146372,0.3859500288963318
2025-04-10T11:24:50.163808,0.325950026512146
2025-04-10T11:24:53.184748,0.34005001187324524
2025-04-10T11:24:56.200951,0.3349500298500061
2025-04-10T11:24:59.227455,0.3469500243663788
2025-04-10T11:25:02.245811,0.32805001735687256
2025-04-10T11:25:05.274550,0.325950026512146
2025-04-10T11:25:08.307883,0.31800001859664917
2025-04-10T11:25:12.342984,0.36195001006126404
2025-04-10T11:25:15.381541,0.35895001888275146
2025-04-10T11:25:20.427450,0.34995001554489136
2025-04-10T11:25:23.452771,0.3349500298500061
2025-04-10T11:25:26.479598,0.34200000762939453
2025-04-10T11:25:29.510808,0.35895001888275146
2025-04-10T11:25:32.525856,0.3540000021457672
2025-04-10T11:25:35.553558,0.34200000762939453
2025-04-10T11:25:38.569757,0.3540000021457672
2025-04-10T11:25:43.628746,0.36195001006126404
2025-04-10T11:25:46.670855,0.37095001339912415
2025-04-10T11:25:49.693693,0.34200000762939453
2025-04-10T11:25:52.724658,0.32295000553131104
2025-04-10T11:25:55.761421,0.34200000762939453
2025-04-10T11:25:58.785953,0.3450000286102295
2025-04-10T11:26:01.810993,0.364050030708313
2025-04-10T11:26:04.842480,0.3520500063896179
2025-04-10T11:26:07.869995,0.34005001187324524
2025-04-10T11:26:10.897834,0.3450000286102295
2025-04-10T11:26:18.969145,0.364050030708313
2025-04-10T11:26:21.988418,0.3570000231266022
2025-04-10T11:26:25.019659,0.3520500063896179
2025-04-10T11:26:28.047286,0.3570000231266022
2025-04-10T11:26:30.056253,0.3469500243663788
2025-04-10T11:26:33.078571,0.37800002098083496
2025-04-10T11:26:36.084756,0.3540000021457672
2025-04-10T11:26:39.105792,0.34200000762939453
2025-04-10T11:26:42.129824,0.3450000286102295
2025-04-10T11:26:46.147870,0.3520500063896179
2025-04-10T11:26:49.175154,0.35895001888275146
2025-04-10T11:26:52.190160,0.36195001006126404
2025-04-10T11:26:55.220603,0.3540000021457672
2025-04-10T11:26:58.239794,0.3450000286102295
2025-04-10T11:27:03.271989,0.34005001187324524
2025-04-10T11:27:06.293709,0.3520500063896179
2025-04-10T11:27:09.319466,0.3450000286102295
2025-04-10T11:27:12.330925,0.3570000231266022
2025-04-10T11:27:15.347946,0.3520500063896179
2025-04-10T11:27:19.379592,0.36195001006126404
2025-04-10T11:27:21.394886,0.364050030708313
2025-04-10T11:27:24.423099,0.3660000264644623
2025-04-10T11:27:27.432978,0.3520500063896179
2025-04-10T11:27:30.462080,0.37095001339912415
2025-04-10T11:27:33.495072,0.37605002522468567
2025-04-10T11:27:36.535095,0.34200000762939453
2025-04-10T11:27:40.574059,0.3570000231266022
2025-04-10T11:27:43.601488,0.35895001888275146
2025-04-10T11:27:46.623320,0.3330000042915344
2025-04-10T11:27:50.680584,0.32805001735687256
2025-04-10T11:27:53.705318,0.35895001888275146
2025-04-10T11:27:55.719576,0.3450000286102295
2025-04-10T11:27:58.775239,0.3469500243663788
2025-04-10T11:28:01.808691,0.35895001888275146
2025-04-10T11:28:04.840421,0.3450000286102295
2025-04-10T11:28:07.859880,0.35895001888275146
2025-04-10T11:28:10.885333,0.32805001735687256
2025-04-10T11:28:13.901743,0.36900001764297485
2025-04-10T11:28:16.911886,0.34005001187324524
2025-04-10T11:28:19.926435,0.3520500063896179
2025-04-10T11:28:24.977243,0.3330000042915344
2025-04-10T11:28:28.006596,0.3379500210285187
2025-04-10T11:28:31.026779,0.3540000021457672
2025-04-10T11:28:36.059049,0.3349500298500061
2025-04-10T11:28:39.083289,0.3379500210285187
2025-04-10T11:28:42.100126,0.34005001187324524
2025-04-10T11:28:45.132446,0.34995001554489136
2025-04-10T11:28:47.145633,0.3160500228404999
2025-04-10T11:28:51.199540,0.30900001525878906
2025-04-10T11:28:54.214189,0.34995001554489136
2025-04-10T11:28:57.243114,0.34005001187324524
2025-04-10T11:29:00.260134,0.34995001554489136
2025-04-10T11:29:03.275360,0.3330000042915344
2025-04-10T11:29:06.290136,0.34005001187324524
2025-04-10T11:29:09.314617,0.3540000021457672
2025-04-10T11:29:12.342828,0.3349500298500061
2025-04-10T11:29:15.375247,0.3520500063896179
2025-04-10T11:29:18.387618,0.3349500298500061
2025-04-10T11:29:21.423478,0.32295000553131104
2025-04-10T11:29:25.450750,0.34200000762939453
2025-04-10T11:29:28.485352,0.37095001339912415
2025-04-10T11:29:31.519495,0.3450000286102295
2025-04-10T11:29:34.551712,0.34200000762939453
2025-04-10T11:29:37.564771,0.3349500298500061
2025-04-10T11:29:40.586349,0.3450000286102295
2025-04-10T11:29:43.629468,0.31095001101493835
2025-04-10T11:29:46.672224,0.3469500243663788
2025-04-10T11:29:49.692578,0.3540000021457672
2025-04-10T11:29:52.735047,0.34995001554489136
2025-04-10T11:29:58.798441,0.3450000286102295
2025-04-10T11:30:01.846138,0.3520500063896179
2025-04-10T11:30:04.875871,0.364050030708313
2025-04-10T11:30:07.908699,0.3349500298500061
2025-04-10T11:30:10.940374,0.34200000762939453
2025-04-10T11:30:13.961271,0.34005001187324524
2025-04-10T11:30:16.996924,0.32295000553131104
2025-04-10T11:30:20.012129,0.3379500210285187
2025-04-10T11:30:23.046639,0.34005001187324524
2025-04-10T11:30:26.075983,0.3520500063896179
2025-04-10T11:30:29.102141,0.36195001006126404
2025-04-10T11:30:32.141835,0.34995001554489136
2025-04-10T11:30:36.157531,0.34005001187324524
2025-04-10T11:30:39.194459,0.3540000021457672
2025-04-10T11:30:42.218594,0.3520500063896179
2025-04-10T11:30:45.236392,0.34005001187324524
2025-04-10T11:30:48.267338,0.34995001554489136
2025-04-10T11:30:51.290109,0.35895001888275146
2025-04-10T11:30:54.318610,0.34995001554489136
2025-04-10T11:30:57.348836,0.33000001311302185
2025-04-10T11:31:00.372016,0.32295000553131104
2025-04-10T11:31:03.391909,0.3379500210285187
2025-04-10T11:31:06.411893,0.364050030708313
2025-04-10T11:31:10.438766,0.34995001554489136
2025-04-10T11:31:15.492052,0.34200000762939453
2025-04-10T11:31:18.525904,0.3540000021457672
2025-04-10T11:31:21.563867,0.3349500298500061
2025-04-10T11:31:24.587871,0.3469500243663788
2025-04-10T11:31:27.633935,0.34200000762939453
2025-04-10T11:31:29.661967,0.3160500228404999
2025-04-10T11:31:32.673331,0.35895001888275146
2025-04-10T11:31:35.699371,0.32805001735687256
2025-04-10T11:31:39.760523,0.36195001006126404
2025-04-10T11:31:42.810855,0.3540000021457672
2025-04-10T11:31:47.858230,0.3379500210285187
2025-04-10T11:31:50.875910,0.3349500298500061
2025-04-10T11:31:53.907208,0.3520500063896179
2025-04-10T11:31:55.916674,0.34995001554489136
2025-04-10T11:31:58.952286,0.35895001888275146
2025-04-10T11:32:01.964226,0.34995001554489136
2025-04-10T11:32:03.982001,0.36195001006126404
2025-04-10T11:32:06.003458,0.3520500063896179
2025-04-10T11:32:10.062339,0.3450000286102295
2025-04-10T11:32:13.088093,0.3379500210285187
2025-04-10T11:32:18.142935,0.3520500063896179
2025-04-10T11:32:21.183172,0.3469500243663788
2025-04-10T11:32:24.202142,0.34200000762939453
2025-04-10T11:32:26.218164,0.34005001187324524
2025-04-10T11:32:29.237324,0.34995001554489136
2025-04-10T11:32:31.259151,0.34005001187324524
2025-04-10T11:32:33.272416,0.3520500063896179
2025-04-10T11:32:36.303961,0.3450000286102295
2025-04-10T11:32:40.337415,0.3660000264644623
2025-04-10T11:32:43.358537,0.34995001554489136
2025-04-10T11:32:48.410749,0.34200000762939453
2025-04-10T11:32:50.422525,0.3570000231266022
2025-04-10T11:32:53.442405,0.3520500063896179
2025-04-10T11:32:55.461468,0.34200000762939453
2025-04-10T11:32:58.485244,0.364050030708313
2025-04-10T11:33:01.495281,0.3570000231266022
2025-04-10T11:33:03.523113,0.3379500210285187
2025-04-10T11:33:06.554441,0.3540000021457672
2025-04-10T11:33:10.582513,0.37095001339912415
2025-04-10T11:33:13.600527,0.33000001311302185
2025-04-10T11:33:16.627496,0.3139500021934509
2025-04-10T11:33:19.638966,0.364050030708313
2025-04-10T11:33:22.659376,0.34005001187324524
2025-04-10T11:33:24.672664,0.3570000231266022
2025-04-10T11:33:26.688272,0.3469500243663788
2025-04-10T11:33:29.721360,0.3540000021457672
2025-04-10T11:33:31.741336,0.3469500243663788
2025-04-10T11:33:34.771224,0.34200000762939453
2025-04-10T11:33:39.825513,0.34995001554489136
2025-04-10T11:33:43.850761,0.3570000231266022
2025-04-10T11:33:46.882374,0.34200000762939453
2025-04-10T11:33:49.932130,0.3450000286102295
2025-04-10T11:33:52.944901,0.34005001187324524
2025-04-10T11:33:54.963705,0.35895001888275146
2025-04-10T11:33:57.973556,0.3540000021457672
2025-04-10T11:34:01.007838,0.36195001006126404
2025-04-10T11:34:04.030459,0.3520500063896179
2025-04-10T11:34:08.075060,0.34005001187324524
2025-04-10T11:34:11.100893,0.3520500063896179
2025-04-10T11:34:14.133399,0.364050030708313
2025-04-10T11:34:17.152686,0.325950026512146
2025-04-10T11:34:19.170145,0.364050030708313
2025-04-10T11:34:22.199560,0.3450000286102295
2025-04-10T11:34:25.206642,0.33000001311302185
2025-04-10T11:34:28.228796,0.35895001888275146
2025-04-10T11:34:31.268948,0.3469500243663788
2025-04-10T11:34:34.303164,0.32805001735687256
2025-04-10T11:34:37.326888,0.364050030708313
2025-04-10T11:34:41.345903,0.32295000553131104
2025-04-10T11:34:46.383971,0.3450000286102295
2025-04-10T11:34:51.415589,0.3540000021457672
2025-04-10T11:34:54.443272,0.3660000264644623
2025-04-10T11:34:57.466835,0.3520500063896179
2025-04-10T11:35:00.485756,0.3349500298500061
2025-04-10T11:35:03.516758,0.3379500210285187
2025-04-10T11:35:06.532960,0.34995001554489136
2025-04-10T11:35:09.543439,0.37605002522468567
2025-04-10T11:35:13.575297,0.3570000231266022
2025-04-10T11:35:16.610208,0.3520500063896179
2025-04-10T11:35:19.648116,0.34005001187324524
2025-04-10T11:35:22.674288,0.3469500243663788
2025-04-10T11:35:25.689634,0.3379500210285187
2025-04-10T11:35:28.714311,0.3570000231266022
2025-04-10T11:35:31.753755,0.364050030708313
2025-04-10T11:35:34.783266,0.3540000021457672
2025-04-10T11:35:37.812324,0.3660000264644623
2025-04-10T11:35:40.850745,0.35895001888275146
2025-04-10T11:35:43.900621,0.3660000264644623
2025-04-10T11:35:47.938776,0.3450000286102295
2025-04-10T11:35:50.975031,0.35895001888275146
2025-04-10T11:35:54.005222,0.3520500063896179
2025-04-10T11:35:57.037768,0.36195001006126404
2025-04-10T11:36:00.069821,0.3469500243663788
